GENES,conflicting_class
TTN,888
BRCA2,582
BRCA1,346
LDLR,291
ATM,218
TSC2,185
APC,171
MYH7,146
MYBPC3,141
TP53,139
SYNE1,130
MSH6,117
NEB,115
SCN5A,113
PLEC,112
PMS2,109
DMD,106
COL6A3,101
RYR2,95
RYR1,95
CDH23,95
PALB2,93
USH2A,88
DNAH11,85
CDH1,81
CFTR,78
DSP,77
APOB,77
NF1,76
POLG,75
FBN1,75
MSH2,72
TSC1,71
POLE,71
BRIP1,70
STK11,66
NBN,64
PTCH1,61
COL6A2,61
MYH6,60
MYH11,59
GAA,59
CHEK2,59
MUTYH,58
RET,57
DYSF,55
ASPM,55
MECP2,54
KCNH2,54
GPR98,53
COL6A1,53
ABCA4,52
DNAH5,51
SCN1A,50
POLD1,50
LMNA,50
LAMA2,50
ANK2,50
SPTAN1,49
SMARCA4,49
MLH1,49
BARD1,49
CACNA1C,48
RELN,46
FBN2,46
DYNC1H1,44
FLNA,43
AKAP9,42
RBM20,41
SYNE2,40
COL5A1,40
CNTNAP2,40
PCNT,39
NRXN1,39
MYO15A,38
SCN9A,37
DSG2,37
TNNT2,36
PKP2,35
LOXHD1,35
KCNQ1,35
ZNF469,34
PTEN,34
KMT2D,34
HSPG2,34
WFS1,33
PCDH15,33
KIF1A,33
BLM,33
ATP7B,33
SCN2A,32
PNKP,32
OTOF,32
KCNT1,32
BMPR1A,32
AXIN2,32
VPS13B,31
PKHD1,31
PCSK9,31
MYO7A,31
RAD51D,30
LRRK2,30
DICER1,30
COL3A1,30
MET,29
POMT1,28
MYLK,28
MBD5,28
CC2D2A,28
VCL,27
TPM1,27
TBC1D24,27
SACS,27
KCNQ2,27
DYNC2H1,27
CACNA1A,27
TNNI3,26
PLEKHG5,26
MYO3A,26
LDB3,26
IGHMBP2,26
DSC2,26
CHD7,26
ACTN2,26
VHL,25
RAD51C,25
MRE11A,25
FLNC,25
FH,25
CDKN2A,25
C5orf42,25
ALMS1,25
WDR62,24
ITGA7,24
GJB2,24
EVC2,24
CEP290,24
CBS,24
SPG11,23
SH3TC2,23
SCN4A,23
RAD50,23
NPHP4,23
CAPN3,23
SMAD4,22
SLC2A1,22
SDHA,22
MEFV,22
GRIN2B,22
FANCA,22
DES,22
COL5A2,22
AGXT,22
ACADVL,22
SLC25A22,21
PRX,21
PRKAG2,21
HBB,21
GALT,21
FOXG1,21
COL1A1,21
WRN,20
GLA,20
FANCC,20
RB1,19
POMT2,19
NSD1,19
NPHP3,19
NPC1,19
MEN1,19
FLCN,19
EFHC1,19
CCDC40,19
CACNB2,19
CACNA1S,19
ABCC6,19
ZFYVE26,18
ZEB2,18
TERT,18
SPG7,18
SLX4,18
SLC2A10,18
SDHB,18
NEXN,18
MYPN,18
DFNB31,18
CHRNA4,18
CAV3,18
BAG3,18
ABCC9,18
UBE3A,17
PLCB1,17
LAMA4,17
DST,17
CCDC39,17
CASR,17
BTD,17
ALK,17
USH1C,16
TGFBR2,16
SCN8A,16
MLH3,16
MCPH1,16
LYST,16
KCNQ3,16
JUP,16
IKBKAP,16
GRIN2A,16
CTSD,16
CLN6,16
CEP152,16
BAP1,16
ATP1A2,16
ACADM,16
SOS1,15
RAF1,15
PCDH19,15
MYH9,15
MUSK,15
EHMT1,15
CLCN1,15
ABCC8,15
TRPM4,14
TMEM43,14
STXBP1,14
SLC26A4,14
SBF2,14
PRICKLE1,14
PHKB,14
MEGF10,14
KIT,14
KANSL1,14
HCN4,14
FKTN,14
FKRP,14
DNMT1,14
COL2A1,14
COL11A1,14
ANO5,14
ANKRD1,14
ALDH7A1,14
ADAMTS2,14
AARS,14
SGCD,13
SGCA,13
RSPH4A,13
RP1L1,13
ROR2,13
PYGM,13
MYO1A,13
MYLK2,13
MYL2,13
MKS1,13
MED12,13
LARGE1,13
ISPD,13
GLDC,13
GCK,13
GABRA1,13
ERCC6,13
DNAAF2,13
CNGB1,13
CDK5RAP2,13
CBL,13
AGL,13
TPP1,12
TGFBR1,12
SMAD3,12
SEPN1,12
RPGRIP1L,12
NTRK1,12
KIF7,12
GYS1,12
FANCI,12
DNAI2,12
DIS3L2,12
CPT2,12
COL11A2,12
CDK4,12
CASQ2,12
ABCB4,12
YARS2,11
Unknown,11
TMEM67,11
TCAP,11
SUFU,11
STIL,11
SMCHD1,11
SETX,11
RAI1,11
PTPN11,11
PDGFRA,11
OPA1,11
NKX2-5,11
MFN2,11
LRSAM1,11
LAMB2,11
JPH2,11
GYS2,11
GFM1,11
FANCM,11
FANCD2,11
CUL7,11
COL1A2,11
CLN3,11
CENPJ,11
ASS1,11
ARFGEF2,11
AP5Z1,11
ADSL,11
ACTC1,11
TTC21B,10
TGFB3,10
TECTA,10
SNTA1,10
SMPD1,10
SLC22A5,10
SERPINA1,10
RAB3GAP2,10
POMGNT1,10
PLOD1,10
PC,10
NPHS1,10
NOTCH1,10
NIPBL,10
NEBL,10
MYH14,10
MFSD8,10
MC1R,10
KRAS,10
KCNMA1,10
KCNE1,10
JAG1,10
IFT140,10
GNE,10
GLI3,10
GABRG2,10
FRAS1,10
FGD4,10
ENG,10
DOCK8,10
DNAAF1,10
DHCR7,10
CHRNE,10
ATR,10
ATP7A,10
ARX,10
AIP,10
ADCK3,10
WNK1,9
UNC13D,9
TTR,9
TRPV4,9
TRAPPC9,9
TNNC1,9
TMPRSS3,9
TCTN1,9
SRPX2,9
SMARCB1,9
SLC19A3,9
SKI,9
RPGRIP1,9
ROGDI,9
RARS2,9
PEX1,9
PALLD,9
OCA2,9
OBSL1,9
NOD2,9
NEK1,9
MYL3,9
MYH2,9
MTRR,9
MTR,9
LRP2,9
LPIN2,9
ITPR1,9
HNF4A,9
GJB1,9
GARS,9
GALC,9
FTCD,9
FOLR1,9
EYS,9
EMD,9
DOLK,9
DNM2,9
DNAI1,9
DAG1,9
CPS1,9
COG5,9
CLN8,9
CHKB,9
CHD2,9
BRAF,9
ATP8B1,9
AMPD1,9
AHI1,9
TYMP,8
TJP2,8
TGFB2,8
SGCG,8
SDHD,8
RECQL4,8
PNPLA6,8
PNPLA2,8
PIGO,8
NUBPL,8
NOTCH3,8
NLRP3,8
NDUFS8,8
MVK,8
LAMP2,8
LAMC3,8
KIF5A,8
JAK3,8
INSR,8
INF2,8
HNF1A,8
HMGCS2,8
GPD1L,8
FOXRED1,8
EPM2A,8
EP300,8
DTNA,8
DNAAF3,8
CSRP3,8
CREBBP,8
COL4A4,8
CDKN1B,8
CDKL5,8
CASC5,8
BCKDHA,8
ARSA,8
AP3B1,8
AIPL1,8
AARS2,8
WT1,7
TRIP11,7
TRIM32,7
TNPO3,7
TNFRSF1A,7
TMPO,7
TMEM127,7
TCTN2,7
SPTA1,7
SPAST,7
PYGL,7
PRSS1,7
PRDM16,7
PMP22,7
PMM2,7
PDX1,7
PAH,7
NPHP1,7
MYOT,7
MUT,7
LRPPRC,7
KCTD7,7
KCNJ10,7
KCNA5,7
IQSEC2,7
HLCS,7
GJB3,7
GFI1,7
GAN,7
ESRRB,7
DOK7,7
DIAPH1,7
DGUOK,7
CYP4V2,7
CTC1,7
CP,7
COQ9,7
COG7,7
CHRNB1,7
CHRNA2,7
CASK,7
CACNA2D4,7
BMPR2,7
BIN1,7
BBS1,7
ATP6V0A2,7
ATP2A1,7
WNT10A,6
VWF,6
VLDLR,6
TXNRD2,6
TTC19,6
TSEN54,6
TRMU,6
TMEM216,6
TCF4,6
ST3GAL5,6
SMC3,6
SLC9A6,6
SLC7A7,6
SLC12A3,6
SIL1,6
SDHC,6
SCN1B,6
SCN10A,6
SCARB2,6
SARS2,6
PSTPIP1,6
PEX14,6
PDSS1,6
PDHX,6
PARK2,6
OTOG,6
NOTCH2,6
NF2,6
NDUFS2,6
NDUFAF1,6
MYH8,6
MFRP,6
MC4R,6
L1CAM,6
KIF1C,6
KCNJ2,6
KCND3,6
ITGB2,6
INPP5E,6
IFT122,6
GOSR2,6
GLI2,6
GCDH,6
GAMT,6
FYCO1,6
FREM1,6
FANCF,6
EVC,6
EPCAM,6
ENPP1,6
ELAC2,6
EFEMP2,6
DCTN1,6
CYP27A1,6
CYP1B1,6
CPA6,6
CNGB3,6
CLN5,6
CHRNB2,6
CACNB4,6
C2,6
C10orf2,6
BSCL2,6
BBS9,6
BBS10,6
ALS2,6
ALDH18A1,6
AGRN,6
ADA,6
ACADS,6
ABCC2,6
ABCB11,6
WWOX,5
WDR35,5
VRK1,5
TUBB3,5
TTC8,5
TSEN2,5
TNFRSF13B,5
TMEM126A,5
TH,5
SYN1,5
SUCLA2,5
SPRED1,5
SMC1A,5
SMARCAL1,5
SLC29A3,5
SERPINC1,5
SCN4B,5
SCN3A,5
RTTN,5
RANBP2,5
RAB3GAP1,5
PRRT2,5
PROS1,5
PRKAR1A,5
PRICKLE2,5
PRF1,5
PKD2,5
PKD1,5
PHKG2,5
PGAM2,5
PEX10,5
PDLIM3,5
PDE6B,5
PCCB,5
PCCA,5
OTC,5
NPHS2,5
NPC2,5
NDUFV1,5
MYOM1,5
MYO6,5
MYH3,5
MTMR2,5
MTM1,5
MPV17,5
MPDU1,5
MED25,5
MCCC1,5
MARVELD2,5
MARS,5
MAP2K2,5
MAN1B1,5
LTBP4,5
LRBA,5
KIF1B,5
KCNJ11,5
INVS,5
IFT80,5
HSD17B4,5
HNF1B,5
HGSNAT,5
HGF,5
HEXA,5
HADHB,5
HADHA,5
GSS,5
GRHPR,5
GPSM2,5
GPR56,5
GATA4,5
FREM2,5
FBLN5,5
FASTKD2,5
FARS2,5
FAM175A,5
EXT2,5
ERCC4,5
EPB42,5
ELN,5
EDA,5
DPM1,5
DNMT3B,5
DLAT,5
DDOST,5
DBT,5
CUBN,5
COL9A2,5
COG8,5
COG4,5
CLRN1,5
CLCN2,5
CHRND,5
CEP41,5
CDKN1C,5
CACNA1H,5
BLK,5
BEST1,5
ATRX,5
ATP6V1B1,5
ATP13A2,5
ARHGEF9,5
ALG8,5
ALG6,5
ALDOB,5
AIRE,5
AGPS,5
ACAD8,5
ABCD1,5
ABAT,5
ZIC3,4
XRCC2,4
WDR36,4
WDPCP,4
UGT1A1,4
TRIOBP,4
TNXB,4
TNNI2,4
TMEM237,4
TMEM231,4
TFR2,4
TCN2,4
SYNGAP1,4
SRD5A3,4
SPTBN2,4
SPTB,4
SPINK5,4
SLC52A3,4
SLC4A1,4
SLC2A2,4
SLC25A12,4
SLC19A2,4
SLC13A5,4
SDHAF2,4
SCN3B,4
SALL4,4
SALL1,4
RFX5,4
RAPSN,4
PUS1,4
PSEN2,4
PROKR2,4
PHEX,4
PEX6,4
PEX13,4
PDE6A,4
OFD1,4
NSUN2,4
NHS,4
NGF,4
NDRG1,4
NDE1,4
NCF2,4
MYOZ2,4
MRPS16,4
MPZ,4
MPI,4
MOGS,4
MOCS2,4
MMAB,4
MEF2C,4
MCCC2,4
MAPT,4
MAN2B1,4
LRTOMT,4
LRP5,4
LRP4,4
LMBRD1,4
LIG4,4
LIFR,4
LGI1,4
LDLRAP1,4
KCNE3,4
KCNE2,4
IVD,4
IL7R,4
HUWE1,4
HPS5,4
HPS3,4
HPS1,4
HFE,4
GUCY2D,4
GRIP1,4
GRIN1,4
GPC3,4
GNPTAB,4
GLIS2,4
GLB1,4
GJB6,4
GCH1,4
GBE1,4
GBA,4
GATM,4
GALNS,4
FOXC1,4
FIG4,4
FBXL4,4
FAT4,4
FANCL,4
FANCE,4
FANCB,4
FAH,4
EYA4,4
EYA1,4
ETHE1,4
ETFDH,4
EPHA2,4
EGR2,4
DPAGT1,4
DNAL1,4
DNAJC5,4
DNAJB6,4
DEPDC5,4
DCLRE1C,4
DARS2,4
CYP7B1,4
CTNS,4
CRYAB,4
CRB1,4
CPT1A,4
COL4A3,4
COG6,4
CNGA3,4
CHRNG,4
CHRNA1,4
CDHR1,4
CDC73,4
CCDC78,4
CCDC22,4
C19orf12,4
BSND,4
BRAT1,4
BLOC1S3,4
BCS1L,4
BCKDHB,4
BBS4,4
AUH,4
ATP1A3,4
ARID1B,4
APTX,4
AMT,4
ALG3,4
ALDH4A1,4
AGK,4
ACTRT3,4
ACTA2,4
ABCG8,4
ZFPM2,3
YARS,3
WRAP53,3
WNT5A,3
WDR19,3
VSX1,3
VCP,3
VCAN,3
TYRP1,3
TUFM,3
TSHR,3
TSEN34,3
TRPM1,3
TREX1,3
TRDN,3
TMPRSS6,3
TMIE,3
TMEM70,3
TMEM5,3
TINF2,3
TGIF1,3
TG,3
TCOF1,3
TCIRG1,3
TBX5,3
SUCLG1,3
STXBP2,3
STRA6,3
ST3GAL3,3
SPG20,3
SOX9,3
SLC45A2,3
SLC37A4,3
SLC35C1,3
SLC35A1,3
SLC26A5,3
SLC26A2,3
SLC25A19,3
SLC12A6,3
SHH,3
SGCB,3
SERPINH1,3
SEC23B,3
SCO2,3
SCNN1G,3
SCNN1B,3
RP1,3
RGR,3
RFT1,3
REEP1,3
RBBP8,3
PRODH,3
PROC,3
POU1F1,3
POT1,3
POR,3
POLR3A,3
POLG2,3
PNPT1,3
PITPNM3,3
PIGN,3
PGM1,3
PFKM,3
PEX5,3
PEX26,3
PEX2,3
PDSS2,3
PDP1,3
PDHA1,3
PDE6C,3
ORC1,3
OPTN,3
NSDHL,3
NRAS,3
NR2E3,3
NODAL,3
NIPA1,3
NHLRC1,3
NEFL,3
NDUFS7,3
NDUFS1,3
NDUFAF5,3
MMADHC,3
MMACHC,3
MKKS,3
MAX,3
MAGI2,3
LRRC6,3
LMOD3,3
LIPA,3
LEPRE1,3
LAMC2,3
KLLN,3
KCNV2,3
KCNB1,3
KBTBD13,3
IQCB1,3
IL12RB1,3
IL10RA,3
IGF1R,3
IDUA,3
HSPB1,3
HRAS,3
HPS6,3
HPS4,3
HARS2,3
GNPAT,3
GNAT2,3
GNAO1,3
GLRA1,3
GHR,3
GFPT1,3
GDF6,3
GDF1,3
GDAP1,3
GATA2,3
GALNT12,3
GALE,3
G6PD,3
G6PC,3
FTL,3
FOXP2,3
FOXP1,3
FLNB,3
FKBP14,3
FGFR3,3
FGFR1,3
FECH,3
FBP1,3
FANCG,3
FAM134B,3
FA2H,3
ETFA,3
ESCO2,3
EPOR,3
EMC1,3
EDN3,3
EDAR,3
EARS2,3
DTNBP1,3
DNAJC19,3
DLD,3
DKC1,3
DHODH,3
D2HGDH,3
CYP11B1,3
CTRC,3
CSTB,3
CRTAP,3
COX15,3
COX10,3
COL9A1,3
COL7A1,3
COL4A1,3
COCH,3
CHST3,3
CHAT,3
CFB,3
CDH3,3
CCBE1,3
CC2D1A,3
BUB1B,3
BCOR,3
BBS2,3
BBS12,3
BAAT,3
B9D1,3
B4GALT1,3
ATL1,3
ASL,3
APP,3
ALG9,3
ALG13,3
AIFM1,3
ADAR,3
ACVRL1,3
ACSL4,3
ACADSB,3
ACAD9,3
ABCA3,3
ZNF81,2
ZNF423,2
ZFYVE27,2
XIAP,2
WAS,2
VPS33B,2
VPS13A,2
VDR,2
VAPB,2
USH1G,2
UROS,2
UQCRQ,2
UGT1A4,2
TYR,2
TUBA1A,2
TTC7A,2
TSFM,2
TRPS1,2
TRIM37,2
TRAPPC11,2
TPRN,2
TPO,2
TOPORS,2
TMC1,2
TGM1,2
TF,2
TDRD7,2
TBX3,2
TBK1,2
TBCE,2
TAZ,2
TACR3,2
SYP,2
SURF1,2
STX11,2
STAT3,2
STAT1,2
SRCAP,2
SQSTM1,2
SPTLC1,2
SPR,2
SPINK1,2
SPATA7,2
SPATA5,2
SNRNP200,2
SMARCE1,2
SMARCA2,2
SMAD9,2
SLCO1B1,2
SLC9A3R1,2
SLC39A13,2
SLC34A1,2
SLC25A38,2
SLC25A15,2
SLC1A3,2
SLC17A5,2
SLC16A2,2
SLC16A1,2
SI,2
SGSH,2
SGK196,2
SGCE,2
SFTPC,2
SETBP1,2
SERPINA3,2
SEMA4A,2
SEC63,2
SDCCAG8,2
RSPH9,2
RPL5,2
ROBO2,2
RLBP1,2
RIT1,2
RIPPLY2,2
RIMS1,2
RFX6,2
RDX,2
RBP3,2
RASA1,2
RAG2,2
RAB27A,2
PYCR1,2
PSMB8,2
PRPH2,2
PRNP,2
PRKDC,2
PRDM5,2
PQBP1,2
PPARG,2
PNPO,2
PLCE1,2
PLA2G6,2
PITX2,2
PIGV,2
PIGL,2
PIEZO2,2
PHF6,2
PEX7,2
PEX3,2
PDZD7,2
PDHB,2
PDE11A,2
PAX6,2
PAX3,2
PAFAH1B1,2
OXCT1,2
OTOGL,2
OPHN1,2
OCRL,2
OAT,2
NOBOX,2
NME8,2
NLRP12,2
NHP2,2
NDUFV2,2
NDUFS6,2
NDUFS4,2
NDUFS3,2
NDUFAF6,2
NDUFA10,2
NCF4,2
NAGS,2
MRPS22,2
MMAA,2
MITF,2
MID1,2
MGAT2,2
MESP2,2
MCEE,2
MASP2,2
MAGEL2,2
LPL,2
LMBR1,2
LITAF,2
LIAS,2
LDHA,2
LBR,2
LARS2,2
LAMB1,2
KMT2A,2
KIAA2022,2
KCNJ8,2
KCNJ5,2
KCNJ1,2
KCNA1,2
ITK,2
ILK,2
IL36RN,2
IL2RA,2
IL21R,2
IFNGR1,2
HTRA1,2
HSPB8,2
HPN,2
HOGA1,2
HESX1,2
HDAC8,2
HCFC1,2
HBA2,2
HBA1,2
HARS,2
GTDC2,2
GPR179,2
GMPPB,2
GLUD1,2
GLIS3,2
GJA8,2
GFAP,2
GCNT2,2
FXN,2
FUT6,2
FOXI1,2
FMO3,2
FLVCR1,2
FLG,2
FHL1,2
FGD1,2
FBXO7,2
FAS,2
F2,2
F12,2
EXOSC3,2
ETFB,2
ERCC8,2
EPG5,2
ENO3,2
ELANE,2
EGFR,2
EDNRB,2
EBP,2
DUOX2,2
DNMT3A,2
DLG3,2
DHDDS,2
DFNB59,2
DEAF1,2
DCAF17,2
CYP21A2,2
CTF1,2
CSF3R,2
COLQ,2
COL9A3,2
COL18A1,2
COL12A1,2
COG1,2
CNNM4,2
CLDN14,2
CLCN4,2
CIB2,2
CHST14,2
CHRM2,2
CHMP2B,2
CHCHD10,2
CEP135,2
CECR1,2
CDKN2B-AS1,2
CDC6,2
CDAN1,2
CD3E,2
CASP10,2
CARD9,2
CAP1,2
CALR3,2
C6orf70,2
C12orf65,2
BMP15,2
BIVM-ERCC5,2
BCHE,2
BBS5,2
ARSE,2
ARSB,2
ARID1A,2
ARHGAP31,2
ANK1,2
ANG,2
AMPD2,2
AMACR,2
ALOXE3,2
ALOX12B,2
ALG2,2
ALG1,2
ALDH5A1,2
ALAS2,2
AKR1D1,2
AGTR2,2
AGPAT2,2
AFG3L2,2
ADAMTS13,2
ACTG1,2
ACTA1,2
ACOX1,2
ABHD14A-ACY1,2
ABCA12,2
ABCA1,2
A2ML1,2
ZNF674,1
ZNF41,1
ZNF335,1
ZNF276,1
ZFP57,1
ZBTB24,1
ZAP70,1
XPNPEP3,1
XPC,1
WNK4,1
WDR73,1
WDR45,1
VSX2,1
VRK2,1
VAX1,1
USP9X,1
UPF3B,1
UPB1,1
UNG,1
UNC119,1
UMPS,1
UMOD,1
UCP2,1
UCHL1,1
UBA1,1
TYK2,1
TUBB4A,1
TUBB2B,1
TUBB2A,1
TTBK2,1
TSPEAR,1
TRNT1,1
TREM2,1
TRAPPC2,1
TPM3,1
TPM2,1
TOR1A,1
TOE1,1
TNNT1,1
TNK2,1
TNFRSF13C,1
TNFRSF11B,1
TNFRSF11A,1
TMEM165,1
TMEM138,1
TIMP3,1
TIA1,1
THRB,1
THBD,1
TFG,1
TFAP2B,1
TDP1,1
TBXAS1,1
TBX19,1
TBX1,1
TBC1D20,1
TARDBP,1
TAP1,1
TAF1C,1
TACO1,1
SZT2,1
SUOX,1
STX16,1
STRC,1
STRADA,1
STIM1,1
STAR,1
SRD5A2,1
SPTLC2,1
SPRY4,1
SPG21,1
SP7,1
SP110,1
SOX3,1
SOX17,1
SOST,1
SOS2,1
SOD1,1
SNCAIP,1
SNCA,1
SNAPC5,1
SNAP29,1
SMAD6,1
SLC6A20,1
SLC6A1,1
SLC5A7,1
SLC52A2,1
SLC4A4,1
SLC39A8,1
SLC35D1,1
SLC33A1,1
SLC2A9,1
SLC25A46,1
SLC25A42,1
SLC25A4,1
SLC25A3,1
SLC25A20,1
SLC25A13,1
SLC24A1,1
SLC20A2,1
SLC10A2,1
SIX3,1
SIM1,1
SHROOM4,1
SHOC2,1
SFTPA1,1
SERPINF1,1
SERPINE1,1
SERPINB6,1
SERPINA7,1
SERPINA6,1
SEPT9,1
SEPSECS,1
SCO1,1
SCNN1A,1
SCN2B,1
SCN11A,1
SAMHD1,1
SAG,1
RUNX2,1
RUNX1,1
RTEL1,1
RRM2B,1
RPS6KA3,1
RPS26,1
RPS19,1
RPGR,1
RP9,1
RNASET2,1
RNASEH2C,1
RIPK4,1
RFXANK,1
RDH5,1
RAX2,1
RAB23,1
RAB18,1
QARS,1
PURA,1
PTH1R,1
PTCHD1,1
PSEN1,1
PSAP,1
PRSS56,1
PRSS12,1
PRPS1,1
PRPF8,1
PROP1,1
PROM1,1
PRKRA,1
PRKG1,1
PRKCSH,1
PRKCG,1
POU3F4,1
POLR1C,1
POGZ,1
PODXL,1
PNPLA8,1
PNKD,1
PLIN1,1
PLG,1
PLEKHG2,1
PLCB4,1
PLAU,1
PINK1,1
PIK3CA,1
PIGQ,1
PIGG,1
PHYH,1
PHKA1,1
PGM3,1
PGK1,1
PGAP3,1
PEX19,1
PEX16,1
PEPD,1
PDK3,1
PDE4D,1
PDCD10,1
PCK2,1
PCK1,1
PAX9,1
PAX8,1
PAX4,1
PARP10,1
PANK2,1
OTX2,1
OTOA,1
ORC6,1
ORC4,1
OPA3,1
OCLN,1
NTHL1,1
NR5A1,1
NR3C1,1
NR1H4,1
NPPA,1
NOS3,1
NOP10,1
NOG,1
NLRP7,1
NKX2-1,1
NEUROD1,1
NEK8,1
NDUFB9,1
NDUFAF4,1
NDUFAF2,1
NDUFA9,1
NDUFA2,1
NDUFA11,1
NDUFA1,1
NAGLU,1
MYOC,1
MYF6,1
MTOR,1
MTO1,1
MTHFR,1
MTFMT,1
MSTN,1
MSRB3,1
MSR1,1
MRPL3,1
MORC2,1
MN1,1
MMP13,1
MLC1,1
MIB1,1
MGME1,1
METTL23,1
MEF2A,1
MCOLN1,1
MCIDAS,1
MBL2,1
MAP2K1,1
MAOA,1
MAK,1
MAGT1,1
MAG,1
MADD,1
LTBP3,1
LTBP2,1
LRIT3,1
LOX,1
LOC101927854,1
LMNB2,1
LIPC,1
LINS,1
LIM2,1
LHCGR,1
LEPR,1
LEMD3,1
LEFTY2,1
LAMB3,1
LACC1,1
KRT85,1
KRT74,1
KRT2,1
KLKB1,1
KLHL40,1
KLF11,1
KIF11,1
KIAA0196,1
KEL,1
KDM5C,1
KDM1A,1
KCNC3,1
KCNA2,1
KAT6B,1
KAT6A,1
KARS,1
KAL1,1
ITGB4,1
ITGB3,1
IRF6,1
IRAK4,1
INS-IGF2,1
IMPG2,1
IL1RAPL1,1
IL17RD,1
IL17RA,1
IL17F,1
IL10RB,1
IGLL1,1
IFIH1,1
IER3IP1,1
IDS,1
IDH3B,1
IDH2,1
ICOS,1
HTT,1
HTRA2,1
HSPD1,1
HSPB3,1
HSF4,1
HSD17B10,1
HS6ST1,1
HR,1
HPD,1
HOXD13,1
HMCN1,1
HMBS,1
HEXB,1
HERC2,1
HCN1,1
HCCS,1
HAX1,1
HADH,1
GUSB,1
GUCA1B,1
GUCA1A,1
GRN,1
GPR161,1
GP1BB,1
GP1BA,1
GNS,1
GNB1,1
GNAS,1
GLRB,1
GLE1,1
GJC2,1
GJA1,1
GIPC3,1
GHSR,1
GHRHR,1
GH1,1
GDNF,1
GDF3,1
GCM2,1
GATAD1,1
GATA6,1
GATA1,1
GALNT3,1
GALK1,1
GABRD,1
GABRB3,1
G6PC3,1
FUCA1,1
FRRS1L,1
FRMPD4,1
FOXN1,1
FOXH1,1
FOXF1,1
FLVCR2,1
FLT4,1
FKBP10,1
FHL2,1
FGF8,1
FGF23,1
FGF14,1
FCGR3A,1
FAM20C,1
FAM161A,1
FAM126A,1
FAM111A,1
F9,1
F8,1
F13B,1
F13A1,1
F11,1
EXOSC8,1
ESPN,1
ERLIN2,1
ERCC2,1
ERBB2,1
EOMES,1
EIF2S3,1
EIF2B4,1
EIF2B1,1
EIF2AK3,1
EFEMP1,1
EEF1A2,1
EDARADD,1
DYM,1
DSPP,1
DSG4,1
DRD2,1
DPYD,1
DPP6,1
DPM3,1
DPM2,1
DOCK2,1
DNM1,1
DNAH1,1
DLX3,1
DLG4,1
DIABLO,1
DHTKD1,1
DHCR24,1
DFNA5,1
DDX41,1
DDR2,1
DDHD2,1
DCDC2,1
DBH,1
CYBA,1
CTSK,1
CTNNA3,1
CSPP1,1
CRYM,1
CRYGD,1
CRYBA1,1
CRX,1
CRELD1,1
CRBN,1
CR2,1
CPOX,1
CPN1,1
COX4I2,1
COX20,1
COQ2,1
COMP,1
COL4A5,1
CNTN2,1
CNGA1,1
CLUAP1,1
CLTCL1,1
CLPB,1
CLEC7A,1
CIITA,1
CHST6,1
CHIT1,1
CHD1,1
CFL2,1
CFI,1
CETP,1
CERKL,1
CEP164,1
CEP120,1
CDON,1
CDH15,1
CD79A,1
CD40LG,1
CD36,1
CD320,1
CD19,1
CCT5,1
CCDC50,1
CCDC107,1
CAMK2A,1
CALM2,1
CACNA2D2,1
CACNA2D1,1
CACNA1F,1
CABP4,1
CA4,1
CA2,1
C2orf71,1
C21orf2,1
C1QTNF5,1
C12orf57,1
C10orf11,1
BRWD3,1
BMP1,1
BICD2,1
BFSP1,1
BBS7,1
B9D2,1
B4GALNT1,1
B3GNT1,1
AUTS2,1
AURKC,1
ATPAF2,1
ATP8A2,1
ATP6V0A4,1
ATP6AP2,1
ATN1,1
ATAD3A,1
ASXL3,1
ASPA,1
ASCL1,1
ARL13B,1
AR,1
APRT,1
AP4S1,1
AP4M1,1
AP4E1,1
ANKS6,1
ANK3,1
AMN,1
ALPL,1
ALG14,1
ALG12,1
ALDOA,1
ALDH6A1,1
ALDH3A2,1
ALAD,1
AHCY,1
AGA,1
ADAMTS17,1
ADAM9,1
ACVR2B,1
ACSF3,1
ACO2,1
ACAT1,1
ACADL,1
ABCG5,1
ABCD4,1
AAAS,1
