GENES,num_variants
TTN,2765
BRCA2,1934
ATM,1909
APC,1228
BRCA1,1075
MSH6,1048
LDLR,905
PALB2,794
NF1,732
TSC2,640
BRIP1,627
PMS2,600
MSH2,596
POLE,571
CDH1,553
CHEK2,491
BARD1,490
SMARCA4,451
MYBPC3,441
RAD50,426
SYNE1,422
TP53,420
POLD1,404
NBN,397
MLH1,395
MUTYH,391
PLEC,379
STK11,359
MYH7,333
NEB,321
DMD,320
RYR2,319
RYR1,313
FBN1,311
DICER1,308
SCN5A,303
COL6A3,290
PTEN,256
RAD51C,248
RAD51D,237
DSP,228
RET,225
USH2A,220
TSC1,219
DYSF,212
CDH23,210
PTCH1,197
COL5A1,196
SYNE2,195
BMPR1A,195
DNAH11,190
FBN2,187
COL6A2,186
GPR98,183
MYH11,182
MYH6,177
COL6A1,175
CFTR,171
POLG,168
PKHD1,168
GAA,168
DNAH5,167
MRE11A,164
SCN1A,162
SDHA,157
LMNA,155
KCNQ1,155
ANK2,153
AXIN2,152
LAMA2,151
KCNH2,151
CACNA1C,150
ASPM,148
SMAD4,146
PCNT,146
MEN1,143
FLNA,141
ABCA4,138
MECP2,136
BAP1,135
PKP2,132
MYO7A,131
FLCN,131
BLM,129
APOB,128
WFS1,126
VHL,126
MET,126
ATP7B,126
DYNC1H1,124
CDKN2A,124
RELN,123
KMT2D,123
FANCC,123
CNTNAP2,123
VPS13B,121
NOTCH1,118
FH,118
ALMS1,117
DSG2,115
SPTAN1,114
PKD1,114
ZNF469,112
KCNT1,111
FLNC,111
ACTN2,111
MYLK,106
COL5A2,106
CHD7,106
CAPN3,105
CACNA1A,105
RBM20,104
CACNA1S,104
SCN4A,102
SCN9A,100
LAMA4,98
PAH,97
LDB3,96
HBB,95
GJB2,95
AKAP9,95
SDHB,94
KIF1A,93
PTPN11,92
KCNQ2,92
NSD1,91
COL3A1,91
CEP290,90
MYO15A,89
SCN2A,88
TNNT2,87
NRXN1,85
DYNC2H1,85
PCDH15,81
IGHMBP2,81
ALK,81
HSPG2,80
DES,80
CBS,80
OTOF,79
JUP,78
SLX4,77
POMT1,77
PNKP,77
FANCA,76
DSC2,76
C5orf42,76
VCL,75
NPHP4,75
SACS,74
COL11A2,74
SLC26A4,73
MYPN,73
MYH9,73
RB1,72
LOXHD1,71
ANO5,71
RECQL4,70
GLA,70
BAG3,70
AGRN,70
NPC1,69
MEFV,69
CC2D2A,69
ABCC9,69
COL1A1,68
AGL,68
ACADVL,68
CCDC40,67
SOS1,66
NEBL,66
GALT,66
VWF,65
PLEKHG5,64
CHRNA4,64
ZEB2,63
SH3TC2,63
PRKAG2,63
EHMT1,63
ABCC8,63
TRPV4,62
GRIN2A,62
CDK4,62
WDR62,61
TNNI3,61
SLC2A1,61
MYH14,61
HCN4,61
ZFYVE26,60
NIPBL,60
SPG11,59
CLCN1,59
ACADM,59
WRN,58
PRX,58
PCSK9,58
COL2A1,58
TBC1D24,57
DOCK8,57
CBL,57
TPM1,56
PRDM16,56
LRP2,56
FRAS1,56
GRIN2B,55
GLI3,55
SCN8A,54
POMT2,54
MFN2,54
MCPH1,54
CASR,54
WNK1,53
TERT,53
MBD5,53
JAG1,53
DNM2,53
COL11A1,53
TPP1,52
NPHP3,52
MYO3A,52
ITGA7,52
DHCR7,52
CHD2,52
SETX,51
PCDH19,51
INF2,51
FKRP,51
ENG,51
TECTA,50
STXBP1,50
SKI,50
KIF7,50
GCK,50
EVC2,50
ADAMTS2,50
WWOX,49
SLC2A10,49
SLC22A5,49
EVC,49
EP300,49
SPTA1,48
SPG7,48
NOTCH3,48
IKBKAP,48
FKTN,48
DNMT1,48
TMEM43,47
TGFBR2,47
AHI1,47
SMPD1,46
KANSL1,46
BRAF,46
ATP1A2,46
OPA1,45
GALC,45
FOXG1,45
TJP2,44
SDHD,44
NEXN,44
CREBBP,44
PYGM,43
LYST,43
FLNB,43
EYS,43
COL1A2,43
EFHC1,42
DNAAF1,42
RAF1,41
MYL2,41
CEP152,41
CAV3,41
CACNB2,41
AARS,41
USH1C,40
TRPM4,40
SGCD,40
SGCA,40
SBF2,40
KCNQ3,40
FANCI,40
CDKL5,40
CDK5RAP2,40
ALDH7A1,40
ABCB11,40
SMAD3,39
SEPN1,39
SCN10A,39
LARGE1,39
FANCM,39
ERCC6,39
DFNB31,39
TTC21B,38
TRDN,38
PRICKLE1,38
PLCB1,38
MED12,38
FANCD2,38
COL4A1,38
CASQ2,38
SPINK5,37
RPGRIP1L,37
MAP2K2,37
DTNA,37
DST,37
DOK7,37
CENPJ,37
CCDC39,37
BTD,37
ATR,37
ATP8B1,37
VCAN,36
TTR,36
SLC25A22,36
POMGNT1,36
PDGFRA,36
MYH3,36
MEGF10,36
JPH2,36
GLI2,36
CLN5,36
CLN3,36
BCKDHA,36
ARSA,36
ANKRD1,36
ABCB4,36
SPTB,35
PLOD1,35
NTRK1,35
NF2,35
MYO6,35
MYLK2,35
GNE,35
CTSD,35
COL9A3,35
COL9A2,35
ASS1,35
TRAPPC9,34
TGFBR1,34
SNTA1,34
HNF1A,34
GLDC,34
GARS,34
COL4A4,34
RAI1,33
MYOM1,33
LRRK2,33
LPIN2,33
ELN,33
CPS1,33
ADSL,33
TCF4,32
NLRP3,32
ISPD,32
FGFR3,32
CHRNA2,32
CACNA2D4,32
TMPO,31
SALL1,31
ROR2,31
OCA2,31
KIF1B,31
IDUA,31
GJB1,31
GALNT12,31
CLN6,31
ACVRL1,31
UBE3A,30
TXNRD2,30
TRIP11,30
TMEM127,30
SDHC,30
PMM2,30
PEX1,30
MYL3,30
MLH3,30
HEXA,30
F5,30
DNAAF2,30
CPT2,30
CNGB1,30
CHRNE,30
ARFGEF2,30
UNC13D,29
TSEN54,29
TMPRSS3,29
TMEM67,29
TCOF1,29
SCN1B,29
PSTPIP1,29
NPHS1,29
MUT,29
MTR,29
MKS1,29
MC1R,29
LAMC3,29
KIT,29
GCDH,29
FGFR2,29
DNAI2,29
COL4A3,29
CHAT,29
ATRX,29
AIRE,29
ACTC1,29
WT1,28
TRIOBP,28
SUFU,28
RANBP2,28
PHEX,28
MUSK,28
LAMP2,28
EMD,28
COL9A1,28
CDKN1B,28
TCAP,27
SMCHD1,27
MYOT,27
MYO1A,27
L1CAM,27
INSR,27
INPP5E,27
GALNS,27
FYCO1,27
FREM2,27
EPM2A,27
CSRP3,27
CCDC114,27
BCKDHB,27
BBS9,27
ATP2A1,27
ANK1,27
AGXT,27
ABCC6,27
TYK2,26
SLC6A8,26
SERPINA1,26
PNPLA6,26
MYH2,26
MFSD8,26
FIG4,26
FGD4,26
EPHA2,26
DNAAF3,26
DIS3L2,26
CTC1,26
BIN1,26
ATP13A2,26
ARX,26
ADCK3,26
ACTG1,26
ABCD1,26
TRIM32,25
TCTN2,25
SPAST,25
SMARCB1,25
RPGR,25
PIGO,25
PALLD,25
NOTCH2,25
CDON,25
CASC5,25
ATP6V0A2,25
ACTA2,25
XRCC2,24
STIL,24
SLC12A3,24
RSPH4A,24
RPGRIP1,24
PRKAR1A,24
PEX6,24
NPHP1,24
LRSAM1,24
LRP4,24
LAMB2,24
KCNMA1,24
KCNJ2,24
KCNJ10,24
KBTBD13,24
HRAS,24
GYS2,24
GPR56,24
FREM1,24
DAG1,24
COL12A1,24
BBS1,24
ATP7A,24
AP5Z1,24
AP3B1,24
ALPL,24
ADAMTS13,24
TGFB3,23
SLC19A3,23
SGCG,23
PLA2G6,23
PKD2,23
MTM1,23
LARS2,23
LAMB3,23
KRAS,23
KIF5A,23
ERCC4,23
DYRK1A,23
DEPDC5,23
DBT,23
CUL7,23
BSCL2,23
BBS12,23
ACADS,23
TNPO3,22
SCARB2,22
RTTN,22
PRRT2,22
PRKDC,22
PNPLA2,22
PDLIM3,22
PDHX,22
NME8,22
ITPR1,22
IQSEC2,22
INVS,22
HCFC1,22
GABRA1,22
FBXL4,22
FAH,22
DIAPH1,22
CUBN,22
CLN8,22
ALG13,22
ALDH5A1,22
TGFB2,21
SGSH,21
RUNX1,21
POT1,21
PCCA,21
OFD1,21
NOD2,21
MTRR,21
MAN2B1,21
KLLN,21
KIAA0196,21
JAK3,21
GBA,21
GATA2,21
GABRG2,21
D2HGDH,21
CNGB3,21
CASK,21
ATP1A3,21
ASL,21
AARS2,21
A2ML1,21
VLDLR,20
TG,20
STXBP2,20
SRCAP,20
SLC9A6,20
SDHAF2,20
RAB3GAP2,20
PYGL,20
PPT1,20
PLCE1,20
PHKB,20
NEK1,20
MYOZ2,20
MPZ,20
LTBP4,20
KCNE1,20
IVD,20
HSD17B4,20
HPS1,20
HNF4A,20
HLCS,20
GYS1,20
EYA4,20
EPCAM,20
EDA,20
DCTN1,20
CNTN1,20
CDHR1,20
CACNA1H,20
BEST1,20
ALS2,20
ZNF423,19
TRMU,19
SIL1,19
RARS2,19
PROM1,19
PAFAH1B1,19
NKX2-5,19
NEFL,19
MFRP,19
HADHA,19
GTDC2,19
GPD1L,19
GNPTAB,19
GLB1,19
EXT2,19
DOLK,19
DNAI1,19
DGUOK,19
COL18A1,19
COG5,19
CACNB4,19
BBS10,19
ARID1B,19
ABCC2,19
WDR35,18
TH,18
SZT2,18
SURF1,18
SMC1A,18
SLC12A6,18
SALL4,18
PITPNM3,18
PHOX2B,18
MMACHC,18
LRPPRC,18
LEPRE1,18
KCTD7,18
KCNJ11,18
IFT140,18
HPS4,18
GPSM2,18
GAMT,18
FTCD,18
DNAJB6,18
CYP1B1,18
CRB1,18
CPT1A,18
C10orf2,18
ATP6V1B1,18
AIP,18
VCP,17
TYMP,17
TMEM216,17
SPTBN2,17
SLC37A4,17
SETBP1,17
RIT1,17
RAB3GAP1,17
QARS,17
PRSS1,17
PDE6B,17
OTOG,17
NDRG1,17
MYH8,17
MTMR2,17
MCCC2,17
MCCC1,17
KLHL40,17
ITGB2,17
HNF1B,17
GJB3,17
GFM1,17
G6PC,17
COG6,17
CHRND,17
CHRNB2,17
CDKN1C,17
BBS2,17
ATL1,17
ANKRD26,17
AIPL1,17
ABCG8,17
ABCA12,17
TUBA1A,16
TSEN2,16
TBX5,16
SRPX2,16
SPRED1,16
SP110,16
SOS2,16
SMC3,16
SMARCAL1,16
SLC25A13,16
SEC23B,16
PEX7,16
OBSL1,16
NPHS2,16
NLRP12,16
NDE1,16
MVK,16
MEF2C,16
MAX,16
IFT122,16
HSPD1,16
HEATR2,16
GRIN1,16
GOSR2,16
GFI1,16
ESRRB,16
DNMT3B,16
DNAJC5,16
DFNA5,16
DCLRE1C,16
CYP7B1,16
CYP27A1,16
CSF3R,16
CP,16
COL7A1,16
CDAN1,16
BRAT1,16
ALDOB,16
AFG3L2,16
ACTA1,16
 undetermined ,16
VPS33B,15
TNNC1,15
TMC1,15
TCTN1,15
SYN1,15
SQSTM1,15
SMARCE1,15
SLC26A2,15
SGCE,15
SGCB,15
RTEL1,15
RP1,15
RAPSN,15
PGM1,15
PEX10,15
PCCB,15
NHS,15
MED25,15
LRBA,15
KCNA5,15
HEXB,15
GLRA1,15
GBE1,15
G6PD,15
FOLR1,15
FHL1,15
FAT4,15
FANCF,15
FANCE,15
FANCB,15
EZH2,15
ELAC2,15
DUOX2,15
CRTAP,15
CIITA,15
CHKB,15
CCDC50,15
BMPR2,15
YARS2,14
VRK1,14
TYR,14
TRAPPC11,14
TMEM237,14
TMEM231,14
TCIRG1,14
SUCLA2,14
SPINK1,14
SLC4A1,14
SLC13A5,14
SCNN1B,14
RP1L1,14
ROGDI,14
RIMS1,14
RASA1,14
PDZD7,14
PDE6A,14
PC,14
OTC,14
MPL,14
MMAB,14
MLYCD,14
MAN1B1,14
LRP5,14
LAMC2,14
KRT5,14
KCNV2,14
KCNJ5,14
IL7R,14
IL10RA,14
HSPB1,14
GPC3,14
GLIS2,14
FAM175A,14
EYA1,14
ETFDH,14
EEF1A2,14
CYP21A2,14
CYP11B1,14
COLQ,14
CLRN1,14
CHRNB1,14
C2orf71,14
BCS1L,14
BCOR,14
ALG1,14
ALDH18A1,14
ABCA3,14
TPM2,13
SYNGAP1,13
SPTLC1,13
SLC52A2,13
SLC2A2,13
PRKG1,13
PNPO,13
PEX14,13
PAX6,13
MYBPC1,13
MPI,13
MLC1,13
MAGEL2,13
LIG4,13
KIF1C,13
KCND3,13
KCNB1,13
IFT80,13
GUCY2D,13
GMPPB,13
GATA4,13
GAN,13
FOXH1,13
FGFR1,13
FBP1,13
FASTKD2,13
FARS2,13
ELANE,13
EDAR,13
DNM1L,13
DNM1,13
DLD,13
CTNS,13
CPA6,13
COX10,13
COL17A1,13
COG1,13
CHRNG,13
CERKL,13
CDKN2B-AS1,13
CDC73,13
CACNA2D1,13
C19orf12,13
ARHGAP31,13
APTX,13
AMPD1,13
ALG6,13
ADAR,13
TSHR,12
TNNT1,12
TNFRSF13B,12
TMPRSS6,12
SPTLC2,12
SLC7A7,12
SHOC2,12
RAG1,12
PSEN2,12
PROC,12
PMP22,12
PFKM,12
PDX1,12
PDHA1,12
PDE6C,12
PARK2,12
NRAS,12
NIPA1,12
NDUFV1,12
NDUFS7,12
NDUFS1,12
NBEAL2,12
MYO5B,12
MOGS,12
MKKS,12
MESP2,12
MAPT,12
LITAF,12
IL17RA,12
IL12RB1,12
HPS5,12
HGSNAT,12
GRIP1,12
FHL2,12
EFEMP2,12
EARS2,12
DLL3,12
DCX,12
CYP4V2,12
CTRC,12
COG4,12
CLCN7,12
CHRNA1,12
CCDC78,12
BLK,12
BBS4,12
ANKRD11,12
AMACR,12
ALAS2,12
ADA,12
ACAD8,12
YARS,11
WDR19,11
TTC8,11
TTC19,11
TNXB,11
TNFRSF1A,11
TNFRSF11A,11
TMEM5,11
TINF2,11
TAZ,11
SLC29A3,11
PTPRC,11
PROKR2,11
PRICKLE2,11
PRF1,11
POR,11
POLG2,11
PNKD,11
PIGN,11
PEX5,11
NUBPL,11
NHLRC1,11
NCF2,11
MARVELD2,11
MAP2K1,11
LEFTY2,11
LAMA3,11
KAT6B,11
ILK,11
HPS6,11
GPR179,11
GLIS3,11
GJB6,11
GDAP1,11
GABRB3,11
FOXP2,11
FOXP1,11
FANCL,11
FANCG,11
FA2H,11
F11,11
EGR2,11
COQ2,11
COCH,11
CEP41,11
BUB1B,11
ALG2,11
ACE,11
ACAD9,11
ABAT,11
WNT10A,10
WDPCP,10
WAS,10
UMOD,10
UBA1,10
TYRP1,10
TPO,10
TOPORS,10
TMEM70,10
TK2,10
TGIF1,10
TCTN3,10
STIM1,10
STAT3,10
ST3GAL5,10
SNRNP200,10
SMARCA2,10
SLC17A5,10
SH3PXD2B,10
SH3BP2,10
SCO2,10
SCNN1G,10
SCN4B,10
SCN3B,10
REEP1,10
RBBP8,10
PRPH2,10
PROP1,10
PRKCSH,10
PINK1,10
PIGV,10
PHKA2,10
PGAM2,10
NLRP7,10
MASTL,10
LRIT3,10
KRIT1,10
KCNQ4,10
KCNE2,10
IQCB1,10
HPS3,10
HMGCS2,10
HCN1,10
GHR,10
GATM,10
GATAD1,10
FOXRED1,10
FOXN1,10
FBLN5,10
FAS,10
FAM134B,10
F8,10
EXOSC3,10
EDNRB,10
DDOST,10
DARS2,10
COMP,10
COG7,10
CNGA3,10
B3GALNT2,10
ARSE,10
ARSB,10
AR,10
AIFM1,10
AGPS,10
ACAT1,10
ABCD4,10
ABCB7,10
ZFYVE27,9
ZFPM2,9
WRAP53,9
TRPM1,9
TRPC6,9
TP63,9
TNNI2,9
TMEM126A,9
TFR2,9
TCN2,9
SLC5A1,9
SLC26A5,9
SLC24A1,9
SLC17A8,9
SGK196,9
SFTPB,9
SERPINI1,9
SDCCAG8,9
SCN3A,9
SARS2,9
PSAP,9
PEX26,9
PAX3,9
OTOA,9
OPTN,9
NR2E3,9
NODAL,9
NDUFS8,9
NDUFS2,9
NCF4,9
MTO1,9
MPV17,9
MMADHC,9
MMAA,9
MC4R,9
MATR3,9
MATN3,9
MARS,9
MAGI2,9
LRRC6,9
LPIN1,9
LMBRD1,9
LIPA,9
KMT2A,9
KIAA2022,9
ITGB3,9
IRF6,9
IGF1R,9
HADHB,9
GRN,9
GNPAT,9
GLUD1,9
GDF1,9
GCH1,9
FUS,9
ESCO2,9
ERCC2,9
EPB42,9
ENPP1,9
ENO3,9
EIF2AK4,9
EGFR,9
DTNBP1,9
DLAT,9
CSTB,9
CSPP1,9
CRYAB,9
COQ9,9
COG8,9
CEP164,9
CALR3,9
BSND,9
BIVM-ERCC5,9
AUH,9
ATP6AP2,9
ASPA,9
AP4E1,9
ANK3,9
ALG12,9
ABCG5,9
ZAP70,8
XPC,8
USH1G,8
TSEN34,8
TRPS1,8
TGM1,8
TFG,8
TECPR2,8
TDRD7,8
SUMF1,8
STAT1,8
SPG20,8
SOX9,8
SMAD9,8
SLC4A11,8
SLC19A2,8
SERPINH1,8
SEC63,8
SCNN1A,8
RIPK4,8
RIN2,8
RFT1,8
PRDM5,8
PNPT1,8
PHYH,8
PDSS1,8
PAX4,8
OPHN1,8
NOBOX,8
NHP2,8
MPDU1,8
MERTK,8
MCOLN1,8
LTBP2,8
LRTOMT,8
LPL,8
LDLRAP1,8
KDM6A,8
IL2RG,8
IDS,8
HSPB8,8
HOXB13,8
HGF,8
HBA2,8
GRHPR,8
GNAO1,8
GFPT1,8
FOXC1,8
FMO3,8
FGD1,8
ETFB,8
ETFA,8
EIF2AK3,8
DPM1,8
DKC1,8
CRYM,8
COL4A5,8
CDH3,8
CASP10,8
CARS2,8
CARD9,8
BMP15,8
BICD2,8
B3GALTL,8
AVPR2,8
AP4B1,8
ALG9,8
ALG8,8
ALG3,8
ALDH3A2,8
AGK,8
ACVR2B,8
ACTB,8
ZNF81,7
ZIC3,7
WDR45,7
WDR36,7
UGT1A1,7
TUBB4A,7
TUBB3,7
TREX1,7
TREM2,7
TMIE,7
TBX3,7
TBX1,7
STRA6,7
STAC3,7
SRP72,7
SNAP29,7
SLCO1B3,7
SLCO1B1,7
SLC52A3,7
SLC40A1,7
SLC35A1,7
SLC25A19,7
SLC16A2,7
SHROOM4,7
SHOX,7
SFTPC,7
SERPINC1,7
SEMA4A,7
RTN2,7
RSPH9,7
RNASEH2B,7
RGR,7
PUS1,7
PSMB8,7
PROS1,7
PLCG2,7
PIK3R1,7
PEX13,7
PEX12,7
PDSS2,7
OXCT1,7
NPC2,7
NGLY1,7
NGF,7
NDUFAF1,7
NDUFA10,7
NAGLU,7
MAT1A,7
LIAS,7
KDM5C,7
KCNE3,7
KCNA1,7
KARS,7
ILDR1,7
IFNGR1,7
HTRA1,7
HFE,7
HEPACAM,7
HBA1,7
HARS2,7
HARS,7
GSS,7
GLE1,7
GJA1,7
GALE,7
FUCA1,7
FLVCR1,7
FKBP14,7
FKBP10,7
FERMT1,7
FAM161A,7
F9,7
F13A1,7
F12,7
EXT1,7
ETHE1,7
EFEMP1,7
DRC1,7
DPYD,7
DPAGT1,7
DNAL1,7
DNA2,7
DFNB59,7
DDHD2,7
CYBA,7
CTF1,7
COX15,7
COL10A1,7
CLPB,7
CLDN14,7
CLCN2,7
CHRM2,7
CHMP2B,7
CEBPA,7
CD2AP,7
C2,7
BRWD3,7
BLOC1S3,7
BBS7,7
BAAT,7
ATPAF2,7
ASCL1,7
ASAH1,7
ARHGEF9,7
ANO10,7
AGPAT2,7
AFF2,7
ABCA1,7
XDH,6
WDR72,6
VSX2,6
TUFM,6
TUBB2B,6
TTPA,6
TTC7A,6
TRNT1,6
TOR1A,6
TNNT3,6
TNFRSF11B,6
TBCE,6
SUCLG1,6
ST3GAL3,6
SRD5A3,6
SRD5A2,6
SPATA5,6
SOX10,6
SLC35C1,6
SLC34A3,6
SLC25A4,6
SLC25A20,6
SIX3,6
SHH,6
SBDS,6
SAG,6
RPS24,6
RPL5,6
RPE65,6
ROM1,6
RNASEH2A,6
RHO,6
RFX5,6
RANGRF,6
RAG2,6
PYCR1,6
PQBP1,6
POLR3A,6
PNPLA1,6
PNP,6
PKLR,6
PHKG2,6
PHKA1,6
PEX3,6
PEX2,6
PEX19,6
PANK2,6
ORC1,6
NSDHL,6
NFKBIA,6
NAGS,6
NAA10,6
MURC,6
MTPAP,6
MTHFR,6
MITF,6
MID1,6
MCEE,6
LIFR,6
LHCGR,6
LGI1,6
LEPR,6
LBR,6
KIAA1279,6
KCNJ8,6
INS-IGF2,6
IMPG2,6
IL2RA,6
HPN,6
HMCN1,6
HDAC8,6
GUSB,6
GNS,6
GNAT2,6
GJC2,6
GHRHR,6
GH1,6
GFAP,6
GATA6,6
FOXI1,6
F2,6
ERCC8,6
EIF2B4,6
EDARADD,6
DYM,6
DNAJB2,6
DHODH,6
CNNM4,6
CIB2,6
CHST3,6
CFB,6
CEACAM16,6
CCBE1,6
CC2D1A,6
BBS5,6
B9D1,6
B4GALT1,6
B4GALNT1,6
ARID1A,6
ANKS6,6
AMT,6
ALDH4A1,6
AICDA,6
ADAMTSL4,6
ACTN4,6
ACTG2,6
ACO2,6
WNT5A,5
VSX1,5
VPS13A,5
UPF3B,5
UGT1A4,5
TULP1,5
TPM3,5
TOE1,5
THRB,5
TDP1,5
STX11,5
SPATA7,5
SLC45A2,5
SLC39A4,5
SLC39A13,5
SLC25A15,5
SLC1A3,5
SLC16A1,5
SEPT9,5
SEPSECS,5
SCO1,5
RRM2B,5
RNASEH2C,5
RLBP1,5
RFXANK,5
RAX2,5
RAB7A,5
PRPS1,5
PRPF8,5
PRNP,5
PRKCG,5
POU1F1,5
PLN,5
PITX2,5
PIK3CA,5
PIGG,5
PEX16,5
PEPD,5
PDGFRB,5
OTOGL,5
ORC6,5
OPA3,5
NIPAL4,5
NFU1,5
NEK8,5
MTTP,5
MANBA,5
LZTR1,5
LMX1B,5
LDHA,5
LAMB1,5
KLHL41,5
ITGA2B,5
IMPDH1,5
IFIH1,5
ICOS,5
HUWE1,5
GRXCR1,5
GP1BA,5
GM2A,5
GIPC3,5
GDF6,5
GABRB2,5
FRMD7,5
FLVCR2,5
FLT4,5
FGB,5
FECH,5
FBXW4,5
ELOVL4,5
EIF2B3,5
EGLN1,5
EDN3,5
ECEL1,5
DYX1C1,5
DNMT3A,5
DNAH8,5
DDR2,5
DDHD1,5
DCAF17,5
CYBB,5
CRYGD,5
CRX,5
CLCN4,5
CEP135,5
CDC6,5
CD3E,5
CCM2,5
CCDC22,5
B3GNT1,5
ASXL3,5
ASXL1,5
ARL13B,5
ARHGEF6,5
AP4S1,5
AP4M1,5
ALOX12B,5
ALG11,5
AKR1D1,5
AGA,5
ACOX1,5
ACADSB,5
ZNF335,4
ZFP57,4
XPNPEP3,4
XIAP,4
VARS2,4
VAPB,4
TUBA8,4
TSFM,4
TRIM37,4
TPK1,4
TNFSF11,4
TGFBI,4
TEK,4
TBX4,4
SPG21,4
SPAG1,4
SOX3,4
SOD1,4
SLC5A5,4
SLC46A1,4
SLC35A2,4
SLC25A38,4
SLC25A12,4
SKIV2L,4
SIK1,4
SERPINF1,4
SERPINB6,4
SERAC1,4
RUNX2,4
RS1,4
RPS19,4
RDH5,4
RBP3,4
PXDN,4
PURA,4
PRSS12,4
PRODH,4
PIK3CD,4
PIGL,4
PIGA,4
PIEZO2,4
PHF6,4
PAX9,4
ORC4,4
ORAI1,4
OCRL,4
OCLN,4
OAT,4
NSUN2,4
NR5A1,4
NR3C2,4
NHEJ1,4
NDUFS4,4
NAGA,4
MYOC,4
MUC5B,4
MRPS22,4
MRPS16,4
MOCS2,4
MGAT2,4
MED13L,4
MASP2,4
MAK,4
LMAN1,4
LIMS2,4
LHX4,4
LEMD3,4
LCA5,4
KLF11,4
KCNC3,4
IL1RN,4
IFT172,4
HSPB3,4
HSD3B7,4
HSD17B3,4
HPD,4
HOGA1,4
HMGCL,4
HAX1,4
HADH,4
GRIA3,4
GRHL2,4
GJA8,4
GJA3,4
GDF5,4
G6PC3,4
FXN,4
FSHR,4
FGF23,4
FBXO7,4
FAM20C,4
F7,4
F13B,4
ERLIN2,4
DRD2,4
DPM2,4
DOCK7,4
DNAJC19,4
DLX3,4
DDC,4
CSF2RA,4
CRYAA,4
CRELD1,4
CR2,4
COQ4,4
CHST14,4
CCDC151,4
CAP1,4
CACNA2D2,4
CABP4,4
CA4,4
C6orf70,4
C12orf65,4
C12orf57,4
BTK,4
BFSP2,4
BCHE,4
ATP6V0A4,4
ATP2A2,4
AQP2,4
ANG,4
ACTRT3,4
ACSF3,4
ACP5,4
ZNF41,3
ZMPSTE24,3
ZIC2,3
VPS37A,3
VIPAS39,3
UROS,3
UNG,3
UMPS,3
TUSC3,3
TTBK2,3
TPRN,3
TNFRSF13C,3
TMEM165,3
TMEM138,3
TIMP3,3
THPO,3
THAP1,3
TGM6,3
TFAP2B,3
TF,3
TARDBP,3
SP7,3
SOX2,3
SLC6A1,3
SLC34A1,3
SLC33A1,3
SLC20A2,3
SI,3
SH2D1A,3
SF3B4,3
SETD2,3
SCN2B,3
RSPH1,3
RRAS,3
RPS10-NUDT3,3
RPL11,3
RP9,3
RP2,3
RNF135,3
RDX,3
RAB27A,3
RAB23,3
RAB18,3
QDPR,3
PTH1R,3
PTCHD1,3
PSEN1,3
PRUNE,3
POU4F3,3
POLH,3
PLP1,3
PDYN,3
PDP1,3
PDHB,3
PDE4D,3
PDCD10,3
PACS1,3
P2RX2,3
OTX2,3
NPPA,3
NOP10,3
NLGN3,3
NFIX,3
NEU1,3
NDUFAF6,3
NDUFAF5,3
NDUFA1,3
NDP,3
MYO5A,3
MSRB3,3
MMP9,3
MMP20,3
MGP,3
MAG,3
LMOD3,3
LMBR1,3
LINS,3
KLHL3,3
KIAA0586,3
KCNJ1,3
KCNA2,3
KAL1,3
ITK,3
ITGB4,3
IL1RAPL1,3
IL17F,3
IHH,3
IGLL1,3
IDH2,3
HR,3
HOXD13,3
HNRNPA2B1,3
HMBS,3
HGD,3
HFE2,3
HESX1,3
GUCA1A,3
GP9,3
GNRHR,3
GHSR,3
GDNF,3
GCNT2,3
GBA2,3
GATAD2B,3
GATA3,3
GALK1,3
FZD4,3
FTL,3
FOXL2,3
FOXE3,3
FMN2,3
FLG,3
FERMT3,3
FAM126A,3
ESPN,3
EPOR,3
EOMES,3
EMC1,3
EIF2B5,3
EIF2B1,3
ECHS1,3
EBP,3
EBF3,3
DSPP,3
DMP1,3
DLG4,3
DLG3,3
DHDDS,3
DEAF1,3
DCDC2,3
DBH,3
CYP17A1,3
CUL3,3
CTSK,3
CTSC,3
CTSA,3
CRYBB3,3
CNGA1,3
CLDN1,3
CHMP1A,3
CFL2,3
CDT1,3
CD40LG,3
CD40,3
CD320,3
CD19,3
CCT5,3
CCDC65,3
CCDC107,3
CCDC103,3
CANT1,3
CACNA1F,3
C10orf11,3
BMPR1B,3
BMP4,3
BMP2,3
BMP1,3
B9D2,3
B3GALT6,3
APP,3
ANKH,3
ALOXE3,3
ALG14,3
ALDOA,3
AKT2,3
AHCY,3
ADAM9,3
ACVR1,3
ACSL4,3
ZSWIM6,2
ZNF674,2
VRK2,2
VDR,2
UROD,2
UQCRQ,2
UPB1,2
UNC119,2
TUBGCP6,2
TUBGCP4,2
TUBB2A,2
TTC37,2
TSPAN12,2
TIMM8A,2
TIA1,2
TGFB1,2
TELO2,2
TBK1,2
TAT,2
TAF1C,2
TACR3,2
TACO1,2
SYP,2
SUOX,2
STRC,2
STAT5B,2
STAMBPL1,2
SPR,2
SOBP,2
SNCAIP,2
SMS,2
SLC9A3R1,2
SLC7A9,2
SLC6A5,2
SLC6A3,2
SLC5A7,2
SLC3A1,2
SLC25A3,2
SLC12A1,2
SHANK3,2
SFTPD,2
SERPING1,2
SERPINA3,2
SCN11A,2
SAMHD1,2
RPS6KA3,2
RPS26,2
RPL35A,2
ROBO2,2
RMND1,2
RIPPLY2,2
RFXAP,2
RFX6,2
RD3,2
RAX,2
RAD21,2
RAC2,2
PYGB,2
PUF60,2
PTRF,2
PTH,2
PRKRA,2
PPIB,2
PPARG,2
POU3F4,2
POLR3B,2
POLR1C,2
POGZ,2
PLOD2,2
PLIN1,2
PLG,2
PKP1,2
PIK3R2,2
PIEZO1,2
PHGDH,2
PHF8,2
PGAP1,2
PDE11A,2
PAX2,2
PARP10,2
PARN,2
PAK3,2
OSTM1,2
NR1H4,2
NLRC4,2
NLGN4X,2
NKX2-1,2
NEUROD1,2
NDUFV2,2
NDUFS6,2
NDUFS3,2
NDUFAF4,2
NDUFA9,2
NDUFA2,2
NDUFA11,2
NADK2,2
MYF6,2
MTOR,2
MTFMT,2
MSX2,2
MORC2,2
MMP2,2
MMP13,2
MGME1,2
MBL2,2
MAT2A,2
MASP1,2
MAGT1,2
LOX,2
LMNB2,2
LHX3,2
KYNU,2
KPTN,2
JAK2,2
IRAK4,2
IL36RN,2
IL21R,2
IL12B,2
IL10RB,2
IGF1,2
IFNGR2,2
IER3IP1,2
IDH3B,2
HSF4,2
HINT1,2
HERC2,2
GRM6,2
GDF2,2
GATA1,2
GAD1,2
GABRD,2
FUT6,2
FOXF1,2
FMR1,2
FIGLA,2
EPG5,2
ENAM,2
ELP2,2
EIF2S3,2
EIF2B2,2
DISP1,2
DIABLO,2
DHTKD1,2
DHCR24,2
DDX41,2
CYB5R3,2
CXCR4,2
CUL4B,2
CTNNA3,2
CTDP1,2
CRYBA1,2
CRBN,2
CPOX,2
COX6B1,2
COX4I2,2
COL4A2,2
CLDN16,2
CLCNKB,2
CHST6,2
CHM,2
CHCHD10,2
CFI,2
CFHR5,2
CERS1,2
CEP63,2
CECR1,2
CDH15,2
CDC42,2
CD3G,2
CCDC88C,2
CCDC11,2
CASP8,2
CARD11,2
CALM3,2
CALM1,2
CA2,2
BFSP1,2
AURKC,2
ATP8A2,2
ARMC4,2
ARG1,2
APOPT1,2
AMPD3,2
AMPD2,2
AGTR2,2
AGTR1,2
AGT,2
ADNP,2
ABHD14A-ACY1,2
AAAS,2
ZNF276,1
ZMYND11,1
ZC4H2,1
ZBTB24,1
XPA,1
WNT7A,1
WNK4,1
WIPF1,1
WDR81,1
WDR73,1
WASHC4,1
VPS45,1
VCX3A,1
VAX1,1
VAV1,1
VANGL1,1
VAMP1,1
USP9X,1
UPK3A,1
UCP2,1
UCHL1,1
UBTF,1
UBR1,1
UBQLN2,1
UBE4A,1
UBE3B,1
TYROBP,1
TWIST1,1
TSPEAR,1
TSHZ1,1
TSHB,1
TRPM6,1
TRAPPC2,1
TOR1AIP1,1
TNK2,1
TMEM240,1
THBD,1
TGM5,1
TBXAS1,1
TBX6,1
TBX19,1
TBR1,1
TBCK,1
TBC1D20,1
TARS2,1
TAP2,1
TAP1,1
TANGO2,1
TALDO1,1
SYNJ1,1
SYNE4,1
STX16,1
STT3B,1
STRADA,1
STAT2,1
STAR,1
STAMBP,1
SPRY4,1
SOX17,1
SOX11,1
SOST,1
SNCA,1
SNAPC5,1
SMPX,1
SMOC1,1
SMAD6,1
SLMAP,1
SLC6A20,1
SLC6A19,1
SLC4A4,1
SLC39A8,1
SLC35D1,1
SLC2A9,1
SLC26A3,1
SLC25A46,1
SLC25A42,1
SLC25A1,1
SLC22A12,1
SLC1A4,1
SLC12A5,1
SLC10A2,1
SIX6,1
SIX1,1
SIM1,1
SFTPA1,1
SERPINE1,1
SERPINA7,1
SERPINA6,1
SEMA3E,1
SDHAF1,1
SCARF2,1
SATB2,1
RYR3,1
ROBO3,1
RNASET2,1
RINT1,1
RGS9,1
RERE,1
REN,1
RBFOX1,1
RASGRP2,1
RASA2,1
RAB39B,1
PTS,1
PTPRQ,1
PTF1A,1
PTCH2,1
PRSS56,1
PRPF31,1
PROK2,1
PREPL,1
PPP2R5D,1
PPP2R1A,1
PPP1CB,1
POMC,1
PODXL,1
POC1A,1
PNPLA8,1
PLOD3,1
PLEKHG2,1
PLCB4,1
PLAU,1
PITX3,1
PIGT,1
PIGQ,1
PIGM,1
PGM3,1
PGK1,1
PGAP3,1
PDK3,1
PDE8B,1
PDE6G,1
PCK2,1
PCK1,1
PCBD1,1
PAX8,1
PARK7,1
OTUD6B,1
NTHL1,1
NSMF,1
NRL,1
NR3C1,1
NR0B1,1
NPRL3,1
NPR2,1
NOS3,1
NOG,1
NMNAT1,1
NLRP14,1
NKX2-6,1
NIN,1
NFKB2,1
NEUROG3,1
NDUFB9,1
NDUFB3,1
NDUFAF2,1
NBAS,1
NACC1,1
MSTN,1
MST1R,1
MSR1,1
MRPL44,1
MRPL3,1
MRAP,1
MPO,1
MPDZ,1
MOCS1,1
MN1,1
MIP,1
MIB1,1
METTL23,1
MEGF8,1
MEF2A,1
MCM4,1
MCIDAS,1
MC2R,1
MBTPS2,1
MAOA,1
MADD,1
LTBP3,1
LRAT,1
LOC101929220,1
LOC101927854,1
LIPC,1
LIM2,1
LFNG,1
LEP,1
LACC1,1
L2HGDH,1
KRT85,1
KRT83,1
KRT74,1
KRT2,1
KRT16,1
KLKB1,1
KLHL7,1
KLHL24,1
KLF8,1
KLF1,1
KL,1
KISS1R,1
KIRREL3,1
KIF5C,1
KIF11,1
KEL,1
KDM1A,1
KCNK9,1
KCNH1,1
KCNC1,1
KAT6A,1
KANK1,1
IYD,1
ITPA,1
ISCA2,1
INS,1
IL17RD,1
IFITM5,1
ICK,1
IBA57,1
HTT,1
HTRA2,1
HSD17B10,1
HS6ST1,1
HOXD10,1
HNRNPU,1
HNRNPH2,1
HK1,1
HIBCH,1
HES7,1
HCCS,1
HAND1,1
HAMP,1
HACL1,1
GYG1,1
GUCA1B,1
GRM1,1
GPR161,1
GPR143,1
GPLD1,1
GPI,1
GPHN,1
GPD2,1
GPC6,1
GP1BB,1
GORAB,1
GNB1,1
GNAS,1
GNA11,1
GMPPA,1
GLRB,1
GLMN,1
GJA5,1
GIF,1
GDI1,1
GDF3,1
GCSH,1
GCM2,1
GALNT3,1
FSHB,1
FSCN2,1
FRRS1L,1
FRMPD4,1
FPR1,1
FOXP3,1
FLAD1,1
FGF8,1
FGF3,1
FGF14,1
FGF12,1
FGF10,1
FGA,1
FCGR3A,1
FASN,1
FASLG,1
FAM111A,1
F10,1
EXOSC8,1
ERCC1,1
ERBB2,1
ENTPD1,1
EMX2,1
EFTUD2,1
ECE1,1
DSG4,1
DPP6,1
DPM3,1
DOCK2,1
DNAH7,1
DNAH1,1
CYP4F22,1
CYP27B1,1
CYP19A1,1
CYP11B2,1
CYP11A1,1
CYCS,1
CTSF,1
CTCF,1
CRYBB2,1
CRYBA4,1
CPN1,1
COX20,1
CORO1A,1
COL27A1,1
COASY,1
CNTN2,1
CLUAP1,1
CLTCL1,1
CLIC2,1
CLEC7A,1
CLCN5,1
CHIT1,1
CHD8,1
CHD1,1
CFH,1
CFC1,1
CETP,1
CEP120,1
CEL,1
CDK13,1
CD79A,1
CD36,1
CCNO,1
CAV1,1
CAMK2A,1
CALM2,1
CAD,1
CACNG2,1
CACNA1D,1
C9,1
C8orf37,1
C8B,1
C21orf2,1
C1QTNF5,1
C17orf107,1
BRPF1,1
BOLA3,1
BNC2,1
BLNK,1
BDNF,1
BCKDK,1
AUTS2,1
ATP5A1,1
ATP2C1,1
ATN1,1
ATAD3A,1
ASNS,1
ARL6,1
ARHGEF15,1
APRT,1
AMN,1
AMH,1
ALX4,1
ALX1,1
ALDH6A1,1
ALAD,1
AKT1,1
AK2,1
AHDC1,1
AGXT2,1
ADCY5,1
ADAT3,1
ADAMTS17,1
ACD,1
ACADL,1
ABL1,1
ABCB1,1
